area,uncategorized_percent
LESTE,25.18080210387903
OESTE,24.933510638297875
NORTE,18.639053254437872
SUL,10.619469026548673
