area,uncategorized_percent
LESTE,12.361396303901437
RURAL,11.697247706422019
SUL,8.86929088692909
OESTE,8.578512396694213
NORTE,6.233021430727438
