area,uncategorized_percent
LESTE,8.447287163652405
OESTE,8.187134502923977
NORTE,7.873359716725682
SUL,4.026057240495515
