area,uncategorized_percent
OESTE,20.01357619640231
SUL,18.881440588853838
RURAL,15.280898876404494
LESTE,14.923881285560512
NORTE,12.131306076398216
