area,uncategorized_percent
LESTE,25.14812376563529
OESTE,24.783477681545637
NORTE,18.90945472736368
SUL,12.561113200451299
