area,uncategorized_percent
LESTE,8.127475014142938
OESTE,7.2996809908050295
NORTE,6.863991283820592
RURAL,5.740181268882175
SUL,4.681978798586572
