area,uncategorized_percent
LESTE,22.35843549328663
OESTE,16.974335884736604
NORTE,16.392020815264527
SUL,8.788314176245212
