area,uncategorized_percent
SUL,21.297338730926775
OESTE,20.996293056770376
LESTE,16.40584583548888
RURAL,14.570135746606336
NORTE,14.036769917038397
