area,uncategorized_percent
OESTE,29.28327645051195
LESTE,25.925925925925924
NORTE,19.6875
SUL,14.262023217247096
