area,uncategorized_percent
OESTE,20.934757231181635
SUL,20.830612195534915
LESTE,16.251773507029537
RURAL,14.353163361661943
NORTE,14.159025356235741
NÃO ESPECIFICADA,0.628930817610063
