area,uncategorized_percent
OESTE,21.289342671504514
SUL,21.089931002221963
LESTE,16.78827564702214
RURAL,14.570135746606336
NORTE,14.385993551809984
