area,uncategorized_percent
OESTE,21.922511034820992
SUL,18.958527059698717
RURAL,15.617128463476071
LESTE,14.758983347940402
NORTE,11.078794288736118
