area,uncategorized_percent
OESTE,10.680983328623906
LESTE,10.218783351120598
NORTE,10.19142626044756
SUL,4.891232696110745
