area,uncategorized_percent
OESTE,15.617775494477268
RURAL,14.788732394366196
LESTE,14.335664335664337
SUL,14.254447499859701
NORTE,6.56723598749098
