area,uncategorized_percent
OESTE,21.462099270947768
SUL,18.75320557653751
RURAL,16.224188790560472
LESTE,15.201505757307352
NORTE,9.958031285768792
