area,uncategorized_percent
LESTE,14.657481821660925
OESTE,13.14782608695652
NORTE,10.943833236826867
SUL,5.89543937708565
