area,uncategorized_percent
OESTE,21.451387502495507
SUL,18.756993659082433
RURAL,16.224188790560472
LESTE,15.234720992028345
NORTE,9.948492941625334
