area,uncategorized_percent
OESTE,20.237450120695602
SUL,20.035631881772247
LESTE,15.079723225030083
RURAL,14.592274678111588
NORTE,12.921744385134454
