area,uncategorized_percent
SUL,14.755048933642586
OESTE,14.102951328960994
LESTE,10.706053621254398
NORTE,9.000460213451381
RURAL,7.987778262767351
