area,uncategorized_percent
SUL,16.93627038843114
OESTE,16.647090229578218
RURAL,14.73063973063973
LESTE,12.761948706117584
NORTE,10.799294341158909
NÃO ESPECIFICADA,7.6923076923076925
