area,uncategorized_percent
SUL,13.340923592778411
OESTE,12.135814367262213
LESTE,9.221284710430762
NORTE,7.7708837772397095
RURAL,7.413376309427881
