area,uncategorized_percent
SUL,15.476759469470666
OESTE,14.94451749832745
LESTE,11.474176561017892
NORTE,9.632154189681513
RURAL,9.201213346814964
