area,uncategorized_percent
REINT DAS PESSOAS ATINGIDAS PELA HLEASNTSEE,25.0
SUL,16.910756679038354
OESTE,16.65743889899549
RURAL,14.022435897435898
LESTE,12.799449814694533
NORTE,10.796651363759114
