area,uncategorized_percent
OESTE,21.424321309036817
SUL,21.124603192221457
LESTE,17.17957584140157
NORTE,14.729222312545968
RURAL,14.457831325301203
GOVERNADOR DANILO DE MATOS ALERSETOES,11.11111111111111
DESENVOLVIMENTO COMUNITÁRIO DO CLEOSRTOE A,10.0
