area,uncategorized_percent
SUL,16.750139120756817
OESTE,16.36181729560555
RURAL,12.695035460992907
LESTE,12.634418535900375
NORTE,10.600734522560336
NÃO ESPECIFICADA,5.555555555555555
