area,uncategorized_percent
SUL,13.456267761288284
OESTE,12.493070026190521
LESTE,9.345794392523365
NORTE,7.837188000915961
RURAL,7.458451560599919
