area,uncategorized_percent
SUL,17.334600103644842
OESTE,17.210195336412713
RURAL,14.73063973063973
LESTE,13.622355488922205
NORTE,11.243592285253051
