area,uncategorized_percent
OESTE,21.405915763074425
SUL,21.15329338669379
LESTE,17.233300954231186
NORTE,14.750617665225448
RURAL,14.322250639386189
GOVERNADOR DANILO DE MATOS ALERSETOES,7.142857142857142
REINT DAS PESSOAS ATINGIDAS PELA HLEASNTESE,6.0606060606060606
DESENVOLVIMENTO COMUNITÁRIO DO CLEOSRTOE A,2.941176470588235
