area,uncategorized_percent
OESTE,21.972480984531238
SUL,18.523036501829786
RURAL,15.772870662460567
LESTE,15.477262494371905
NORTE,10.570844179992562
