area,uncategorized_percent
OESTE,21.538578835010675
SUL,21.145394306835854
LESTE,16.97005988023952
RURAL,14.973262032085561
NORTE,14.6860547150584
