area,uncategorized_percent
OESTE,20.90333143507973
SUL,20.625488993677443
LESTE,16.45822385706779
RURAL,14.73063973063973
NORTE,14.15297161389061
