area,uncategorized_percent
SUL,13.357049241715035
OESTE,12.021587091800209
LESTE,9.199416241009068
NORTE,7.760167746566673
RURAL,7.413376309427881
