area,uncategorized_percent
OESTE,19.067115996346573
SUL,18.846219882103817
RURAL,14.73063973063973
LESTE,14.704393834828617
NORTE,12.558377583008125
