area,uncategorized_percent
SUL,15.896331615780973
OESTE,15.370507110020723
LESTE,11.98009608785175
RURAL,11.236660389202763
NORTE,9.96637263024514
