area,uncategorized_percent
SUL,14.14818474356749
OESTE,13.279518513246986
LESTE,10.050966658124768
NORTE,8.437943007416843
RURAL,7.458451560599919
