area,uncategorized_percent
SUL,13.743720864164052
OESTE,12.824085886439912
LESTE,9.680252504459999
NÃO ESPECIFICADA,9.090909090909092
NORTE,8.099153996332012
RURAL,7.458451560599919
REINT DAS PESSOAS ATINGIDAS PELA HLEASNTESE,4.166666666666666
