area,uncategorized_percent
OESTE,21.375010188279404
SUL,21.265195326330698
LESTE,16.48754583386016
RURAL,14.986619090098127
NORTE,14.255902451000448
