area,uncategorized_percent
RURAL,65.51724137931035
OESTE,40.9048067860509
SUL,35.75441412520064
LESTE,34.31594860166289
NORTE,31.138613861386137
