area,uncategorized_percent
RLEESINTET,100.0
USUFAL M,45.714285714285715
ASUMLA,29.795918367346943
NÃO ESPECIFICADA,22.098569157392685
OESTE,21.24435378114527
SUL,20.993029393850527
CRNUERSA L2 0,20.0
LESTE,17.319471761730824
NORTE,14.704423157653704
RURAL,14.440433212996389
DESENVOLVIMENTO COMUNITÁRIO DO CLEOSRTOE A,4.166666666666666
REINT DAS PESSOAS ATINGIDAS PELA HLEASNTESE,2.0408163265306123
