area,uncategorized_percent
NÃO ESPECIFICADA,16.666666666666664
SUL,16.27748773928176
OESTE,15.853688595302062
LESTE,12.24359655648847
RURAL,12.013422818791947
NORTE,10.244702320887992
