area,uncategorized_percent
OESTE,21.408175533513678
SUL,21.099547612149845
LESTE,17.05205670462468
RURAL,14.973262032085561
NORTE,14.710570306729387
