area,uncategorized_percent
OESTE,18.286857347584643
SUL,18.083366646073337
RURAL,14.73063973063973
LESTE,13.927769137722482
NORTE,11.890344931465583
