area,uncategorized_percent
OESTE,21.5608668920996
SUL,21.222614521093607
LESTE,16.881863159164958
RURAL,14.973262032085561
NORTE,14.656392514546312
