area,uncategorized_percent
SUL,16.932987116748226
OESTE,16.64438327434788
RURAL,13.45427059712774
LESTE,12.856276531231048
NÃO ESPECIFICADA,12.5
NORTE,10.78916245564993
