area,uncategorized_percent
OESTE,21.550586372035145
SUL,21.099191507469037
LESTE,16.959443527469936
RURAL,14.973262032085561
NORTE,14.683732001404767
