area,uncategorized_percent
SUL,13.36952705752545
OESTE,12.252579539708993
LESTE,9.252221319424422
NORTE,7.788415963598445
RURAL,7.458451560599919
