area,uncategorized_percent
OESTE,20.476288096214297
SUL,19.80186033373015
LESTE,15.620840932616947
RURAL,14.73063973063973
NORTE,13.367151083081986
