area,uncategorized_percent
SUL,15.036192622773179
OESTE,14.39019001325674
LESTE,11.01528077247586
NORTE,9.252115059221659
RURAL,8.705994291151283
